-- phpMyAdmin SQL Dump
-- version 5.2.1
-- https://www.phpmyadmin.net/
--
-- Host: 127.0.0.1
-- Generation Time: Jun 09, 2025 at 04:15 PM
-- Server version: 10.4.32-MariaDB
-- PHP Version: 8.2.12

SET SQL_MODE = "NO_AUTO_VALUE_ON_ZERO";
START TRANSACTION;
SET time_zone = "+00:00";


/*!40101 SET @OLD_CHARACTER_SET_CLIENT=@@CHARACTER_SET_CLIENT */;
/*!40101 SET @OLD_CHARACTER_SET_RESULTS=@@CHARACTER_SET_RESULTS */;
/*!40101 SET @OLD_COLLATION_CONNECTION=@@COLLATION_CONNECTION */;
/*!40101 SET NAMES utf8mb4 */;

--
-- Database: `db_smk_penerimaan`
--

-- --------------------------------------------------------

--
-- Table structure for table `admins`
--

CREATE TABLE `admins` (
  `admin_id` int(11) NOT NULL,
  `username` varchar(50) NOT NULL,
  `password_hash` varchar(255) NOT NULL
) ENGINE=InnoDB DEFAULT CHARSET=utf8mb4 COLLATE=utf8mb4_general_ci;

--
-- Dumping data for table `admins`
--

INSERT INTO `admins` (`admin_id`, `username`, `password_hash`) VALUES
(1, 'Admin', '123');

-- --------------------------------------------------------

--
-- Table structure for table `applications`
--

CREATE TABLE `applications` (
  `application_id` int(11) NOT NULL,
  `student_id` int(11) NOT NULL,
  `chosen_major_code` varchar(10) NOT NULL,
  `chosen_major_score` decimal(5,2) DEFAULT NULL,
  `status` enum('Diterima','Tidak Diterima - Rekomendasi','Tidak Diterima - Tanpa Rekomendasi') NOT NULL,
  `recommended_major_code` varchar(10) DEFAULT NULL,
  `recommended_major_score` decimal(5,2) DEFAULT NULL,
  `all_fuzzy_results_json` text DEFAULT NULL,
  `application_date` timestamp NOT NULL DEFAULT current_timestamp()
) ENGINE=InnoDB DEFAULT CHARSET=utf8mb4 COLLATE=utf8mb4_general_ci;

--
-- Dumping data for table `applications`
--

INSERT INTO `applications` (`application_id`, `student_id`, `chosen_major_code`, `chosen_major_score`, `status`, `recommended_major_code`, `recommended_major_score`, `all_fuzzy_results_json`, `application_date`) VALUES
(36, 13, 'TKRO', 15.00, 'Tidak Diterima - Tanpa Rekomendasi', NULL, NULL, '{\n    \"TKJ\": {\n        \"jurusan\": \"Teknik Komputer dan Jaringan\",\n        \"skor\": 15.0,\n        \"threshold\": 70,\n        \"status\": \"Tidak Diterima\",\n        \"detail_hitungan\": {\n            \"akademik\": {\n                \"nilai\": 0,\n                \"range\": [\n                    65,\n                    90\n                ],\n                \"low\": 1.0,\n                \"high\": 0.0\n            },\n            \"tinggi\": {\n                \"nilai\": 155.0,\n                \"range\": [\n                    155,\n                    180\n                ],\n                \"low\": 1.0,\n                \"high\": 0.0\n            },\n            \"berat\": {\n                \"nilai\": 48.0,\n                \"range\": [\n                    50,\n                    70\n                ],\n                \"low\": 1.0,\n                \"high\": 0.0\n            },\n            \"rules\": {\n                \"rule_1\": {\n                    \"alpha\": 0.0,\n                    \"z\": 50.0,\n                    \"formula\": \"z1 = 50 + 50 * alpha1\"\n                },\n                \"rule_2\": {\n                    \"alpha\": 1.0,\n                    \"z\": 10.0,\n                    \"formula\": \"z2 = 50 - 40 * alpha2 (corrected)\"\n                },\n                \"rule_3\": {\n                    \"alpha\": 0.0,\n                    \"z\": 50.0,\n                    \"formula\": \"z3 = 50 + 30 * alpha3\"\n                },\n                \"rule_4\": {\n                    \"alpha\": 1.0,\n                    \"z\": 20.0,\n                    \"formula\": \"z4 = 50 - 30 * alpha4 (corrected)\"\n                }\n            }\n        },\n        \"range_fuzzy_jurusan_digunakan\": {\n            \"akademik\": [\n                65,\n                90\n            ],\n            \"tinggi\": [\n                155,\n                180\n            ],\n            \"berat\": [\n                50,\n                70\n            ]\n        },\n        \"kriteria_mapel_jurusan\": {\n            \"unggulan\": {\n                \"Matematika\": 85,\n                \"Informatika\": 88,\n                \"Bahasa Inggris\": 80\n            },\n            \"non_unggulan\": {\n                \"Bahasa Indonesia\": 72,\n                \"Fisika\": 68,\n                \"Kimia\": 65,\n                \"Biologi\": 66,\n                \"PPKn\": 70,\n                \"IPS\": 69,\n                \"Sosiologi\": 67,\n                \"Prakarya\": 68,\n                \"Seni Budaya\": 65\n            }\n        }\n    },\n    \"RPL\": {\n        \"jurusan\": \"Rekayasa Perangkat Lunak\",\n        \"skor\": 15.0,\n        \"threshold\": 75,\n        \"status\": \"Tidak Diterima\",\n        \"detail_hitungan\": {\n            \"akademik\": {\n                \"nilai\": 0,\n                \"range\": [\n                    70,\n                    95\n                ],\n                \"low\": 1.0,\n                \"high\": 0.0\n            },\n            \"tinggi\": {\n                \"nilai\": 155.0,\n                \"range\": [\n                    160,\n                    185\n                ],\n                \"low\": 1.0,\n                \"high\": 0.0\n            },\n            \"berat\": {\n                \"nilai\": 48.0,\n                \"range\": [\n                    50,\n                    75\n                ],\n                \"low\": 1.0,\n                \"high\": 0.0\n            },\n            \"rules\": {\n                \"rule_1\": {\n                    \"alpha\": 0.0,\n                    \"z\": 50.0,\n                    \"formula\": \"z1 = 50 + 50 * alpha1\"\n                },\n                \"rule_2\": {\n                    \"alpha\": 1.0,\n                    \"z\": 10.0,\n                    \"formula\": \"z2 = 50 - 40 * alpha2 (corrected)\"\n                },\n                \"rule_3\": {\n                    \"alpha\": 0.0,\n                    \"z\": 50.0,\n                    \"formula\": \"z3 = 50 + 30 * alpha3\"\n                },\n                \"rule_4\": {\n                    \"alpha\": 1.0,\n                    \"z\": 20.0,\n                    \"formula\": \"z4 = 50 - 30 * alpha4 (corrected)\"\n                }\n            }\n        },\n        \"range_fuzzy_jurusan_digunakan\": {\n            \"akademik\": [\n                70,\n                95\n            ],\n            \"tinggi\": [\n                160,\n                185\n            ],\n            \"berat\": [\n                50,\n                75\n            ]\n        },\n        \"kriteria_mapel_jurusan\": {\n            \"unggulan\": {\n                \"Informatika\": 90,\n                \"Matematika\": 85,\n                \"Bahasa Indonesia\": 78\n            },\n            \"non_unggulan\": {\n                \"Bahasa Inggris\": 74,\n                \"Fisika\": 67,\n                \"Kimia\": 66,\n                \"Biologi\": 65,\n                \"PPKn\": 70,\n                \"IPS\": 68,\n                \"Sosiologi\": 66,\n                \"Prakarya\": 69,\n                \"Seni Budaya\": 65\n            }\n        }\n    },\n    \"MM\": {\n        \"jurusan\": \"Multimedia\",\n        \"skor\": 19.75,\n        \"threshold\": 65,\n        \"status\": \"Tidak Diterima\",\n        \"detail_hitungan\": {\n            \"akademik\": {\n                \"nilai\": 0,\n                \"range\": [\n                    60,\n                    90\n                ],\n                \"low\": 1.0,\n                \"high\": 0.0\n            },\n            \"tinggi\": {\n                \"nilai\": 155.0,\n                \"range\": [\n                    150,\n                    175\n                ],\n                \"low\": 0.8,\n                \"high\": 0.2\n            },\n            \"berat\": {\n                \"nilai\": 48.0,\n                \"range\": [\n                    45,\n                    65\n                ],\n                \"low\": 0.85,\n                \"high\": 0.15\n            },\n            \"rules\": {\n                \"rule_1\": {\n                    \"alpha\": 0.0,\n                    \"z\": 50.0,\n                    \"formula\": \"z1 = 50 + 50 * alpha1\"\n                },\n                \"rule_2\": {\n                    \"alpha\": 1.0,\n                    \"z\": 10.0,\n                    \"formula\": \"z2 = 50 - 40 * alpha2 (corrected)\"\n                },\n                \"rule_3\": {\n                    \"alpha\": 0.15,\n                    \"z\": 54.5,\n                    \"formula\": \"z3 = 50 + 30 * alpha3\"\n                },\n                \"rule_4\": {\n                    \"alpha\": 0.825,\n                    \"z\": 25.25,\n                    \"formula\": \"z4 = 50 - 30 * alpha4 (corrected)\"\n                }\n            }\n        },\n        \"range_fuzzy_jurusan_digunakan\": {\n            \"akademik\": [\n                60,\n                90\n            ],\n            \"tinggi\": [\n                150,\n                175\n            ],\n            \"berat\": [\n                45,\n                65\n            ]\n        },\n        \"kriteria_mapel_jurusan\": {\n            \"unggulan\": {\n                \"Seni Budaya\": 85,\n                \"Informatika\": 80,\n                \"Bahasa Inggris\": 78\n            },\n            \"non_unggulan\": {\n                \"Matematika\": 70,\n                \"Bahasa Indonesia\": 72,\n                \"Fisika\": 66,\n                \"Kimia\": 65,\n                \"Biologi\": 67,\n                \"PPKn\": 69,\n                \"IPS\": 68,\n                \"Sosiologi\": 66,\n                \"Prakarya\": 70\n            }\n        }\n    },\n    \"AKL\": {\n        \"jurusan\": \"Akuntansi dan Keuangan Lembaga\",\n        \"skor\": 19.75,\n        \"threshold\": 70,\n        \"status\": \"Tidak Diterima\",\n        \"detail_hitungan\": {\n            \"akademik\": {\n                \"nilai\": 0,\n                \"range\": [\n                    65,\n                    90\n                ],\n                \"low\": 1.0,\n                \"high\": 0.0\n            },\n            \"tinggi\": {\n                \"nilai\": 155.0,\n                \"range\": [\n                    150,\n                    175\n                ],\n                \"low\": 0.8,\n                \"high\": 0.2\n            },\n            \"berat\": {\n                \"nilai\": 48.0,\n                \"range\": [\n                    45,\n                    65\n                ],\n                \"low\": 0.85,\n                \"high\": 0.15\n            },\n            \"rules\": {\n                \"rule_1\": {\n                    \"alpha\": 0.0,\n                    \"z\": 50.0,\n                    \"formula\": \"z1 = 50 + 50 * alpha1\"\n                },\n                \"rule_2\": {\n                    \"alpha\": 1.0,\n                    \"z\": 10.0,\n                    \"formula\": \"z2 = 50 - 40 * alpha2 (corrected)\"\n                },\n                \"rule_3\": {\n                    \"alpha\": 0.15,\n                    \"z\": 54.5,\n                    \"formula\": \"z3 = 50 + 30 * alpha3\"\n                },\n                \"rule_4\": {\n                    \"alpha\": 0.825,\n                    \"z\": 25.25,\n                    \"formula\": \"z4 = 50 - 30 * alpha4 (corrected)\"\n                }\n            }\n        },\n        \"range_fuzzy_jurusan_digunakan\": {\n            \"akademik\": [\n                65,\n                90\n            ],\n            \"tinggi\": [\n                150,\n                175\n            ],\n            \"berat\": [\n                45,\n                65\n            ]\n        },\n        \"kriteria_mapel_jurusan\": {\n            \"unggulan\": {\n                \"Matematika\": 88,\n                \"IPS\": 85,\n                \"Bahasa Indonesia\": 80\n            },\n            \"non_unggulan\": {\n                \"Bahasa Inggris\": 72,\n                \"Informatika\": 70,\n                \"Fisika\": 65,\n                \"Kimia\": 66,\n                \"Biologi\": 67,\n                \"PPKn\": 69,\n                \"Sosiologi\": 68,\n                \"Prakarya\": 70,\n                \"Seni Budaya\": 65\n            }\n        }\n    },\n    \"OTKP\": {\n        \"jurusan\": \"Otomatisasi dan Tata Kelola Perkantoran\",\n        \"skor\": 19.75,\n        \"threshold\": 65,\n        \"status\": \"Tidak Diterima\",\n        \"detail_hitungan\": {\n            \"akademik\": {\n                \"nilai\": 0,\n                \"range\": [\n                    60,\n                    85\n                ],\n                \"low\": 1.0,\n                \"high\": 0.0\n            },\n            \"tinggi\": {\n                \"nilai\": 155.0,\n                \"range\": [\n                    150,\n                    175\n                ],\n                \"low\": 0.8,\n                \"high\": 0.2\n            },\n            \"berat\": {\n                \"nilai\": 48.0,\n                \"range\": [\n                    45,\n                    65\n                ],\n                \"low\": 0.85,\n                \"high\": 0.15\n            },\n            \"rules\": {\n                \"rule_1\": {\n                    \"alpha\": 0.0,\n                    \"z\": 50.0,\n                    \"formula\": \"z1 = 50 + 50 * alpha1\"\n                },\n                \"rule_2\": {\n                    \"alpha\": 1.0,\n                    \"z\": 10.0,\n                    \"formula\": \"z2 = 50 - 40 * alpha2 (corrected)\"\n                },\n                \"rule_3\": {\n                    \"alpha\": 0.15,\n                    \"z\": 54.5,\n                    \"formula\": \"z3 = 50 + 30 * alpha3\"\n                },\n                \"rule_4\": {\n                    \"alpha\": 0.825,\n                    \"z\": 25.25,\n                    \"formula\": \"z4 = 50 - 30 * alpha4 (corrected)\"\n                }\n            }\n        },\n        \"range_fuzzy_jurusan_digunakan\": {\n            \"akademik\": [\n                60,\n                85\n            ],\n            \"tinggi\": [\n                150,\n                175\n            ],\n            \"berat\": [\n                45,\n                65\n            ]\n        },\n        \"kriteria_mapel_jurusan\": {\n            \"unggulan\": {\n                \"Bahasa Indonesia\": 82,\n                \"IPS\": 80,\n                \"Informatika\": 78\n            },\n            \"non_unggulan\": {\n                \"Matematika\": 70,\n                \"Bahasa Inggris\": 72,\n                \"Fisika\": 65,\n                \"Kimia\": 65,\n                \"Biologi\": 66,\n                \"PPKn\": 69,\n                \"Sosiologi\": 68,\n                \"Prakarya\": 67,\n                \"Seni Budaya\": 65\n            }\n        }\n    },\n    \"BDP\": {\n        \"jurusan\": \"Bisnis Daring dan Pemasaran\",\n        \"skor\": 19.75,\n        \"threshold\": 65,\n        \"status\": \"Tidak Diterima\",\n        \"detail_hitungan\": {\n            \"akademik\": {\n                \"nilai\": 0,\n                \"range\": [\n                    60,\n                    85\n                ],\n                \"low\": 1.0,\n                \"high\": 0.0\n            },\n            \"tinggi\": {\n                \"nilai\": 155.0,\n                \"range\": [\n                    150,\n                    175\n                ],\n                \"low\": 0.8,\n                \"high\": 0.2\n            },\n            \"berat\": {\n                \"nilai\": 48.0,\n                \"range\": [\n                    45,\n                    65\n                ],\n                \"low\": 0.85,\n                \"high\": 0.15\n            },\n            \"rules\": {\n                \"rule_1\": {\n                    \"alpha\": 0.0,\n                    \"z\": 50.0,\n                    \"formula\": \"z1 = 50 + 50 * alpha1\"\n                },\n                \"rule_2\": {\n                    \"alpha\": 1.0,\n                    \"z\": 10.0,\n                    \"formula\": \"z2 = 50 - 40 * alpha2 (corrected)\"\n                },\n                \"rule_3\": {\n                    \"alpha\": 0.15,\n                    \"z\": 54.5,\n                    \"formula\": \"z3 = 50 + 30 * alpha3\"\n                },\n                \"rule_4\": {\n                    \"alpha\": 0.825,\n                    \"z\": 25.25,\n                    \"formula\": \"z4 = 50 - 30 * alpha4 (corrected)\"\n                }\n            }\n        },\n        \"range_fuzzy_jurusan_digunakan\": {\n            \"akademik\": [\n                60,\n                85\n            ],\n            \"tinggi\": [\n                150,\n                175\n            ],\n            \"berat\": [\n                45,\n                65\n            ]\n        },\n        \"kriteria_mapel_jurusan\": {\n            \"unggulan\": {\n                \"IPS\": 85,\n                \"Bahasa Inggris\": 80,\n                \"Informatika\": 78\n            },\n            \"non_unggulan\": {\n                \"Matematika\": 70,\n                \"Bahasa Indonesia\": 72,\n                \"Fisika\": 65,\n                \"Kimia\": 65,\n                \"Biologi\": 66,\n                \"PPKn\": 69,\n                \"Sosiologi\": 68,\n                \"Prakarya\": 67,\n                \"Seni Budaya\": 65\n            }\n        }\n    },\n    \"TKRO\": {\n        \"jurusan\": \"Teknik Kendaraan Ringan Otomotif\",\n        \"skor\": 15.0,\n        \"threshold\": 60,\n        \"status\": \"Tidak Diterima\",\n        \"detail_hitungan\": {\n            \"akademik\": {\n                \"nilai\": 0,\n                \"range\": [\n                    50,\n                    80\n                ],\n                \"low\": 1.0,\n                \"high\": 0.0\n            },\n            \"tinggi\": {\n                \"nilai\": 155.0,\n                \"range\": [\n                    155,\n                    180\n                ],\n                \"low\": 1.0,\n                \"high\": 0.0\n            },\n            \"berat\": {\n                \"nilai\": 48.0,\n                \"range\": [\n                    55,\n                    80\n                ],\n                \"low\": 1.0,\n                \"high\": 0.0\n            },\n            \"rules\": {\n                \"rule_1\": {\n                    \"alpha\": 0.0,\n                    \"z\": 50.0,\n                    \"formula\": \"z1 = 50 + 50 * alpha1\"\n                },\n                \"rule_2\": {\n                    \"alpha\": 1.0,\n                    \"z\": 10.0,\n                    \"formula\": \"z2 = 50 - 40 * alpha2 (corrected)\"\n                },\n                \"rule_3\": {\n                    \"alpha\": 0.0,\n                    \"z\": 50.0,\n                    \"formula\": \"z3 = 50 + 30 * alpha3\"\n                },\n                \"rule_4\": {\n                    \"alpha\": 1.0,\n                    \"z\": 20.0,\n                    \"formula\": \"z4 = 50 - 30 * alpha4 (corrected)\"\n                }\n            }\n        },\n        \"range_fuzzy_jurusan_digunakan\": {\n            \"akademik\": [\n                50,\n                80\n            ],\n            \"tinggi\": [\n                155,\n                180\n            ],\n            \"berat\": [\n                55,\n                80\n            ]\n        },\n        \"kriteria_mapel_jurusan\": {\n            \"unggulan\": {\n                \"Fisika\": 82,\n                \"Matematika\": 80,\n                \"Prakarya\": 85\n            },\n            \"non_unggulan\": {\n                \"Bahasa Indonesia\": 70,\n                \"Bahasa Inggris\": 72,\n                \"Informatika\": 68,\n                \"Kimia\": 65,\n                \"Biologi\": 66,\n                \"PPKn\": 69,\n                \"IPS\": 68,\n                \"Sosiologi\": 67,\n                \"Seni Budaya\": 65\n            }\n        }\n    },\n    \"TBSM\": {\n        \"jurusan\": \"Teknik dan Bisnis Sepeda Motor\",\n        \"skor\": 15.0,\n        \"threshold\": 60,\n        \"status\": \"Tidak Diterima\",\n        \"detail_hitungan\": {\n            \"akademik\": {\n                \"nilai\": 0,\n                \"range\": [\n                    50,\n                    80\n                ],\n                \"low\": 1.0,\n                \"high\": 0.0\n            },\n            \"tinggi\": {\n                \"nilai\": 155.0,\n                \"range\": [\n                    155,\n                    180\n                ],\n                \"low\": 1.0,\n                \"high\": 0.0\n            },\n            \"berat\": {\n                \"nilai\": 48.0,\n                \"range\": [\n                    55,\n                    80\n                ],\n                \"low\": 1.0,\n                \"high\": 0.0\n            },\n            \"rules\": {\n                \"rule_1\": {\n                    \"alpha\": 0.0,\n                    \"z\": 50.0,\n                    \"formula\": \"z1 = 50 + 50 * alpha1\"\n                },\n                \"rule_2\": {\n                    \"alpha\": 1.0,\n                    \"z\": 10.0,\n                    \"formula\": \"z2 = 50 - 40 * alpha2 (corrected)\"\n                },\n                \"rule_3\": {\n                    \"alpha\": 0.0,\n                    \"z\": 50.0,\n                    \"formula\": \"z3 = 50 + 30 * alpha3\"\n                },\n                \"rule_4\": {\n                    \"alpha\": 1.0,\n                    \"z\": 20.0,\n                    \"formula\": \"z4 = 50 - 30 * alpha4 (corrected)\"\n                }\n            }\n        },\n        \"range_fuzzy_jurusan_digunakan\": {\n            \"akademik\": [\n                50,\n                80\n            ],\n            \"tinggi\": [\n                155,\n                180\n            ],\n            \"berat\": [\n                55,\n                80\n            ]\n        },\n        \"kriteria_mapel_jurusan\": {\n            \"unggulan\": {\n                \"Prakarya\": 85,\n                \"Fisika\": 80,\n                \"Matematika\": 78\n            },\n            \"non_unggulan\": {\n                \"Bahasa Indonesia\": 70,\n                \"Bahasa Inggris\": 72,\n                \"Informatika\": 68,\n                \"Kimia\": 65,\n                \"Biologi\": 66,\n                \"PPKn\": 69,\n                \"IPS\": 68,\n                \"Sosiologi\": 67,\n                \"Seni Budaya\": 65\n            }\n        }\n    },\n    \"PH\": {\n        \"jurusan\": \"Perhotelan\",\n        \"skor\": 15.72,\n        \"threshold\": 65,\n        \"status\": \"Tidak Diterima\",\n        \"detail_hitungan\": {\n            \"akademik\": {\n                \"nilai\": 0,\n                \"range\": [\n                    60,\n                    85\n                ],\n                \"low\": 1.0,\n                \"high\": 0.0\n            },\n            \"tinggi\": {\n                \"nilai\": 155.0,\n                \"range\": [\n                    155,\n                    180\n                ],\n                \"low\": 1.0,\n                \"high\": 0.0\n            },\n            \"berat\": {\n                \"nilai\": 48.0,\n                \"range\": [\n                    45,\n                    70\n                ],\n                \"low\": 0.88,\n                \"high\": 0.12\n            },\n            \"rules\": {\n                \"rule_1\": {\n                    \"alpha\": 0.0,\n                    \"z\": 50.0,\n                    \"formula\": \"z1 = 50 + 50 * alpha1\"\n                },\n                \"rule_2\": {\n                    \"alpha\": 1.0,\n                    \"z\": 10.0,\n                    \"formula\": \"z2 = 50 - 40 * alpha2 (corrected)\"\n                },\n                \"rule_3\": {\n                    \"alpha\": 0.0,\n                    \"z\": 50.0,\n                    \"formula\": \"z3 = 50 + 30 * alpha3\"\n                },\n                \"rule_4\": {\n                    \"alpha\": 0.94,\n                    \"z\": 21.8,\n                    \"formula\": \"z4 = 50 - 30 * alpha4 (corrected)\"\n                }\n            }\n        },\n        \"range_fuzzy_jurusan_digunakan\": {\n            \"akademik\": [\n                60,\n                85\n            ],\n            \"tinggi\": [\n                155,\n                180\n            ],\n            \"berat\": [\n                45,\n                70\n            ]\n        },\n        \"kriteria_mapel_jurusan\": {\n            \"unggulan\": {\n                \"Bahasa Inggris\": 85,\n                \"Seni Budaya\": 80,\n                \"IPS\": 78\n            },\n            \"non_unggulan\": {\n                \"Matematika\": 70,\n                \"Bahasa Indonesia\": 72,\n                \"Fisika\": 65,\n                \"Kimia\": 65,\n                \"Biologi\": 66,\n                \"PPKn\": 69,\n                \"Sosiologi\": 68,\n                \"Prakarya\": 67,\n                \"Informatika\": 60\n            }\n        }\n    },\n    \"TBG\": {\n        \"jurusan\": \"Tata Boga\",\n        \"skor\": 19.01,\n        \"threshold\": 60,\n        \"status\": \"Tidak Diterima\",\n        \"detail_hitungan\": {\n            \"akademik\": {\n                \"nilai\": 0,\n                \"range\": [\n                    55,\n                    85\n                ],\n                \"low\": 1.0,\n                \"high\": 0.0\n            },\n            \"tinggi\": {\n                \"nilai\": 155.0,\n                \"range\": [\n                    150,\n                    175\n                ],\n                \"low\": 0.8,\n                \"high\": 0.2\n            },\n            \"berat\": {\n                \"nilai\": 48.0,\n                \"range\": [\n                    45,\n                    70\n                ],\n                \"low\": 0.88,\n                \"high\": 0.12\n            },\n            \"rules\": {\n                \"rule_1\": {\n                    \"alpha\": 0.0,\n                    \"z\": 50.0,\n                    \"formula\": \"z1 = 50 + 50 * alpha1\"\n                },\n                \"rule_2\": {\n                    \"alpha\": 1.0,\n                    \"z\": 10.0,\n                    \"formula\": \"z2 = 50 - 40 * alpha2 (corrected)\"\n                },\n                \"rule_3\": {\n                    \"alpha\": 0.12,\n                    \"z\": 53.6,\n                    \"formula\": \"z3 = 50 + 30 * alpha3\"\n                },\n                \"rule_4\": {\n                    \"alpha\": 0.84,\n                    \"z\": 24.8,\n                    \"formula\": \"z4 = 50 - 30 * alpha4 (corrected)\"\n                }\n            }\n        },\n        \"range_fuzzy_jurusan_digunakan\": {\n            \"akademik\": [\n                55,\n                85\n            ],\n            \"tinggi\": [\n                150,\n                175\n            ],\n            \"berat\": [\n                45,\n                70\n            ]\n        },\n        \"kriteria_mapel_jurusan\": {\n            \"unggulan\": {\n                \"Prakarya\": 85,\n                \"Biologi\": 75,\n                \"Bahasa Indonesia\": 78\n            },\n            \"non_unggulan\": {\n                \"Bahasa Inggris\": 70,\n                \"Matematika\": 68,\n                \"Fisika\": 65,\n                \"Kimia\": 65,\n                \"PPKn\": 69,\n                \"IPS\": 68,\n                \"Sosiologi\": 67,\n                \"Seni Budaya\": 65,\n                \"Informatika\": 60\n            }\n        }\n    },\n    \"TBS\": {\n        \"jurusan\": \"Tata Busana\",\n        \"skor\": 19.01,\n        \"threshold\": 60,\n        \"status\": \"Tidak Diterima\",\n        \"detail_hitungan\": {\n            \"akademik\": {\n                \"nilai\": 0,\n                \"range\": [\n                    55,\n                    85\n                ],\n                \"low\": 1.0,\n                \"high\": 0.0\n            },\n            \"tinggi\": {\n                \"nilai\": 155.0,\n                \"range\": [\n                    150,\n                    175\n                ],\n                \"low\": 0.8,\n                \"high\": 0.2\n            },\n            \"berat\": {\n                \"nilai\": 48.0,\n                \"range\": [\n                    45,\n                    70\n                ],\n                \"low\": 0.88,\n                \"high\": 0.12\n            },\n            \"rules\": {\n                \"rule_1\": {\n                    \"alpha\": 0.0,\n                    \"z\": 50.0,\n                    \"formula\": \"z1 = 50 + 50 * alpha1\"\n                },\n                \"rule_2\": {\n                    \"alpha\": 1.0,\n                    \"z\": 10.0,\n                    \"formula\": \"z2 = 50 - 40 * alpha2 (corrected)\"\n                },\n                \"rule_3\": {\n                    \"alpha\": 0.12,\n                    \"z\": 53.6,\n                    \"formula\": \"z3 = 50 + 30 * alpha3\"\n                },\n                \"rule_4\": {\n                    \"alpha\": 0.84,\n                    \"z\": 24.8,\n                    \"formula\": \"z4 = 50 - 30 * alpha4 (corrected)\"\n                }\n            }\n        },\n        \"range_fuzzy_jurusan_digunakan\": {\n            \"akademik\": [\n                55,\n                85\n            ],\n            \"tinggi\": [\n                150,\n                175\n            ],\n            \"berat\": [\n                45,\n                70\n            ]\n        },\n        \"kriteria_mapel_jurusan\": {\n            \"unggulan\": {\n                \"Seni Budaya\": 85,\n                \"Prakarya\": 82,\n                \"Bahasa Indonesia\": 75\n            },\n            \"non_unggulan\": {\n                \"Bahasa Inggris\": 70,\n                \"Matematika\": 68,\n                \"Fisika\": 65,\n                \"Kimia\": 65,\n                \"Biologi\": 66,\n                \"PPKn\": 69,\n                \"IPS\": 68,\n                \"Sosiologi\": 67,\n                \"Informatika\": 60\n            }\n        }\n    },\n    \"FARM\": {\n        \"jurusan\": \"Farmasi\",\n        \"skor\": 19.75,\n        \"threshold\": 70,\n        \"status\": \"Tidak Diterima\",\n        \"detail_hitungan\": {\n            \"akademik\": {\n                \"nilai\": 0,\n                \"range\": [\n                    70,\n                    95\n                ],\n                \"low\": 1.0,\n                \"high\": 0.0\n            },\n            \"tinggi\": {\n                \"nilai\": 155.0,\n                \"range\": [\n                    150,\n                    175\n                ],\n                \"low\": 0.8,\n                \"high\": 0.2\n            },\n            \"berat\": {\n                \"nilai\": 48.0,\n                \"range\": [\n                    45,\n                    65\n                ],\n                \"low\": 0.85,\n                \"high\": 0.15\n            },\n            \"rules\": {\n                \"rule_1\": {\n                    \"alpha\": 0.0,\n                    \"z\": 50.0,\n                    \"formula\": \"z1 = 50 + 50 * alpha1\"\n                },\n                \"rule_2\": {\n                    \"alpha\": 1.0,\n                    \"z\": 10.0,\n                    \"formula\": \"z2 = 50 - 40 * alpha2 (corrected)\"\n                },\n                \"rule_3\": {\n                    \"alpha\": 0.15,\n                    \"z\": 54.5,\n                    \"formula\": \"z3 = 50 + 30 * alpha3\"\n                },\n                \"rule_4\": {\n                    \"alpha\": 0.825,\n                    \"z\": 25.25,\n                    \"formula\": \"z4 = 50 - 30 * alpha4 (corrected)\"\n                }\n            }\n        },\n        \"range_fuzzy_jurusan_digunakan\": {\n            \"akademik\": [\n                70,\n                95\n            ],\n            \"tinggi\": [\n                150,\n                175\n            ],\n            \"berat\": [\n                45,\n                65\n            ]\n        },\n        \"kriteria_mapel_jurusan\": {\n            \"unggulan\": {\n                \"Biologi\": 88,\n                \"Kimia\": 85,\n                \"Matematika\": 80\n            },\n            \"non_unggulan\": {\n                \"Bahasa Indonesia\": 72,\n                \"Bahasa Inggris\": 70,\n                \"Fisika\": 68,\n                \"PPKn\": 69,\n                \"IPS\": 67,\n                \"Sosiologi\": 66,\n                \"Prakarya\": 65,\n                \"Seni Budaya\": 65,\n                \"Informatika\": 60\n            }\n        }\n    }\n}\n', '2025-06-09 14:06:30');
INSERT INTO `applications` (`application_id`, `student_id`, `chosen_major_code`, `chosen_major_score`, `status`, `recommended_major_code`, `recommended_major_score`, `all_fuzzy_results_json`, `application_date`) VALUES
(37, 12, 'AKL', 71.24, 'Diterima', NULL, NULL, '{\n    \"TKJ\": {\n        \"jurusan\": \"Teknik Komputer dan Jaringan\",\n        \"skor\": 18.53,\n        \"threshold\": 70,\n        \"status\": \"Tidak Diterima\",\n        \"detail_hitungan\": {\n            \"akademik\": {\n                \"nilai\": 0,\n                \"range\": [\n                    65,\n                    90\n                ],\n                \"low\": 1.0,\n                \"high\": 0.0\n            },\n            \"tinggi\": {\n                \"nilai\": 160.0,\n                \"range\": [\n                    155,\n                    180\n                ],\n                \"low\": 0.8,\n                \"high\": 0.2\n            },\n            \"berat\": {\n                \"nilai\": 52.0,\n                \"range\": [\n                    50,\n                    70\n                ],\n                \"low\": 0.9,\n                \"high\": 0.1\n            },\n            \"rules\": {\n                \"rule_1\": {\n                    \"alpha\": 0.0,\n                    \"z\": 50.0,\n                    \"formula\": \"z1 = 50 + 50 * alpha1\"\n                },\n                \"rule_2\": {\n                    \"alpha\": 1.0,\n                    \"z\": 10.0,\n                    \"formula\": \"z2 = 50 - 40 * alpha2 (corrected)\"\n                },\n                \"rule_3\": {\n                    \"alpha\": 0.1,\n                    \"z\": 53.0,\n                    \"formula\": \"z3 = 50 + 30 * alpha3\"\n                },\n                \"rule_4\": {\n                    \"alpha\": 0.85,\n                    \"z\": 24.5,\n                    \"formula\": \"z4 = 50 - 30 * alpha4 (corrected)\"\n                }\n            }\n        },\n        \"range_fuzzy_jurusan_digunakan\": {\n            \"akademik\": [\n                65,\n                90\n            ],\n            \"tinggi\": [\n                155,\n                180\n            ],\n            \"berat\": [\n                50,\n                70\n            ]\n        },\n        \"kriteria_mapel_jurusan\": {\n            \"unggulan\": {\n                \"Matematika\": 85,\n                \"Informatika\": 88,\n                \"Bahasa Inggris\": 80\n            },\n            \"non_unggulan\": {\n                \"Bahasa Indonesia\": 72,\n                \"Fisika\": 68,\n                \"Kimia\": 65,\n                \"Biologi\": 66,\n                \"PPKn\": 70,\n                \"IPS\": 69,\n                \"Sosiologi\": 67,\n                \"Prakarya\": 68,\n                \"Seni Budaya\": 65\n            }\n        }\n    },\n    \"RPL\": {\n        \"jurusan\": \"Rekayasa Perangkat Lunak\",\n        \"skor\": 15.49,\n        \"threshold\": 75,\n        \"status\": \"Tidak Diterima\",\n        \"detail_hitungan\": {\n            \"akademik\": {\n                \"nilai\": 0,\n                \"range\": [\n                    70,\n                    95\n                ],\n                \"low\": 1.0,\n                \"high\": 0.0\n            },\n            \"tinggi\": {\n                \"nilai\": 160.0,\n                \"range\": [\n                    160,\n                    185\n                ],\n                \"low\": 1.0,\n                \"high\": 0.0\n            },\n            \"berat\": {\n                \"nilai\": 52.0,\n                \"range\": [\n                    50,\n                    75\n                ],\n                \"low\": 0.92,\n                \"high\": 0.08\n            },\n            \"rules\": {\n                \"rule_1\": {\n                    \"alpha\": 0.0,\n                    \"z\": 50.0,\n                    \"formula\": \"z1 = 50 + 50 * alpha1\"\n                },\n                \"rule_2\": {\n                    \"alpha\": 1.0,\n                    \"z\": 10.0,\n                    \"formula\": \"z2 = 50 - 40 * alpha2 (corrected)\"\n                },\n                \"rule_3\": {\n                    \"alpha\": 0.0,\n                    \"z\": 50.0,\n                    \"formula\": \"z3 = 50 + 30 * alpha3\"\n                },\n                \"rule_4\": {\n                    \"alpha\": 0.96,\n                    \"z\": 21.2,\n                    \"formula\": \"z4 = 50 - 30 * alpha4 (corrected)\"\n                }\n            }\n        },\n        \"range_fuzzy_jurusan_digunakan\": {\n            \"akademik\": [\n                70,\n                95\n            ],\n            \"tinggi\": [\n                160,\n                185\n            ],\n            \"berat\": [\n                50,\n                75\n            ]\n        },\n        \"kriteria_mapel_jurusan\": {\n            \"unggulan\": {\n                \"Informatika\": 90,\n                \"Matematika\": 85,\n                \"Bahasa Indonesia\": 78\n            },\n            \"non_unggulan\": {\n                \"Bahasa Inggris\": 74,\n                \"Fisika\": 67,\n                \"Kimia\": 66,\n                \"Biologi\": 65,\n                \"PPKn\": 70,\n                \"IPS\": 68,\n                \"Sosiologi\": 66,\n                \"Prakarya\": 69,\n                \"Seni Budaya\": 65\n            }\n        }\n    },\n    \"MM\": {\n        \"jurusan\": \"Multimedia\",\n        \"skor\": 25.67,\n        \"threshold\": 65,\n        \"status\": \"Tidak Diterima\",\n        \"detail_hitungan\": {\n            \"akademik\": {\n                \"nilai\": 0,\n                \"range\": [\n                    60,\n                    90\n                ],\n                \"low\": 1.0,\n                \"high\": 0.0\n            },\n            \"tinggi\": {\n                \"nilai\": 160.0,\n                \"range\": [\n                    150,\n                    175\n                ],\n                \"low\": 0.6,\n                \"high\": 0.4\n            },\n            \"berat\": {\n                \"nilai\": 52.0,\n                \"range\": [\n                    45,\n                    65\n                ],\n                \"low\": 0.65,\n                \"high\": 0.35\n            },\n            \"rules\": {\n                \"rule_1\": {\n                    \"alpha\": 0.0,\n                    \"z\": 50.0,\n                    \"formula\": \"z1 = 50 + 50 * alpha1\"\n                },\n                \"rule_2\": {\n                    \"alpha\": 1.0,\n                    \"z\": 10.0,\n                    \"formula\": \"z2 = 50 - 40 * alpha2 (corrected)\"\n                },\n                \"rule_3\": {\n                    \"alpha\": 0.35,\n                    \"z\": 60.5,\n                    \"formula\": \"z3 = 50 + 30 * alpha3\"\n                },\n                \"rule_4\": {\n                    \"alpha\": 0.625,\n                    \"z\": 31.25,\n                    \"formula\": \"z4 = 50 - 30 * alpha4 (corrected)\"\n                }\n            }\n        },\n        \"range_fuzzy_jurusan_digunakan\": {\n            \"akademik\": [\n                60,\n                90\n            ],\n            \"tinggi\": [\n                150,\n                175\n            ],\n            \"berat\": [\n                45,\n                65\n            ]\n        },\n        \"kriteria_mapel_jurusan\": {\n            \"unggulan\": {\n                \"Seni Budaya\": 85,\n                \"Informatika\": 80,\n                \"Bahasa Inggris\": 78\n            },\n            \"non_unggulan\": {\n                \"Matematika\": 70,\n                \"Bahasa Indonesia\": 72,\n                \"Fisika\": 66,\n                \"Kimia\": 65,\n                \"Biologi\": 67,\n                \"PPKn\": 69,\n                \"IPS\": 68,\n                \"Sosiologi\": 66,\n                \"Prakarya\": 70\n            }\n        }\n    },\n    \"AKL\": {\n        \"jurusan\": \"Akuntansi dan Keuangan Lembaga\",\n        \"skor\": 71.24,\n        \"threshold\": 70,\n        \"status\": \"Diterima\",\n        \"detail_hitungan\": {\n            \"akademik\": {\n                \"nilai\": 95.56,\n                \"range\": [\n                    65,\n                    90\n                ],\n                \"low\": 0.0,\n                \"high\": 1.0\n            },\n            \"tinggi\": {\n                \"nilai\": 160.0,\n                \"range\": [\n                    150,\n                    175\n                ],\n                \"low\": 0.6,\n                \"high\": 0.4\n            },\n            \"berat\": {\n                \"nilai\": 52.0,\n                \"range\": [\n                    45,\n                    65\n                ],\n                \"low\": 0.65,\n                \"high\": 0.35\n            },\n            \"rules\": {\n                \"rule_1\": {\n                    \"alpha\": 1.0,\n                    \"z\": 100.0,\n                    \"formula\": \"z1 = 50 + 50 * alpha1\"\n                },\n                \"rule_2\": {\n                    \"alpha\": 0.0,\n                    \"z\": 50.0,\n                    \"formula\": \"z2 = 50 - 40 * alpha2 (corrected)\"\n                },\n                \"rule_3\": {\n                    \"alpha\": 0.35,\n                    \"z\": 60.5,\n                    \"formula\": \"z3 = 50 + 30 * alpha3\"\n                },\n                \"rule_4\": {\n                    \"alpha\": 0.625,\n                    \"z\": 31.25,\n                    \"formula\": \"z4 = 50 - 30 * alpha4 (corrected)\"\n                }\n            }\n        },\n        \"range_fuzzy_jurusan_digunakan\": {\n            \"akademik\": [\n                65,\n                90\n            ],\n            \"tinggi\": [\n                150,\n                175\n            ],\n            \"berat\": [\n                45,\n                65\n            ]\n        },\n        \"kriteria_mapel_jurusan\": {\n            \"unggulan\": {\n                \"Matematika\": 88,\n                \"IPS\": 85,\n                \"Bahasa Indonesia\": 80\n            },\n            \"non_unggulan\": {\n                \"Bahasa Inggris\": 72,\n                \"Informatika\": 70,\n                \"Fisika\": 65,\n                \"Kimia\": 66,\n                \"Biologi\": 67,\n                \"PPKn\": 69,\n                \"Sosiologi\": 68,\n                \"Prakarya\": 70,\n                \"Seni Budaya\": 65\n            }\n        }\n    },\n    \"OTKP\": {\n        \"jurusan\": \"Otomatisasi dan Tata Kelola Perkantoran\",\n        \"skor\": 25.67,\n        \"threshold\": 65,\n        \"status\": \"Tidak Diterima\",\n        \"detail_hitungan\": {\n            \"akademik\": {\n                \"nilai\": 0,\n                \"range\": [\n                    60,\n                    85\n                ],\n                \"low\": 1.0,\n                \"high\": 0.0\n            },\n            \"tinggi\": {\n                \"nilai\": 160.0,\n                \"range\": [\n                    150,\n                    175\n                ],\n                \"low\": 0.6,\n                \"high\": 0.4\n            },\n            \"berat\": {\n                \"nilai\": 52.0,\n                \"range\": [\n                    45,\n                    65\n                ],\n                \"low\": 0.65,\n                \"high\": 0.35\n            },\n            \"rules\": {\n                \"rule_1\": {\n                    \"alpha\": 0.0,\n                    \"z\": 50.0,\n                    \"formula\": \"z1 = 50 + 50 * alpha1\"\n                },\n                \"rule_2\": {\n                    \"alpha\": 1.0,\n                    \"z\": 10.0,\n                    \"formula\": \"z2 = 50 - 40 * alpha2 (corrected)\"\n                },\n                \"rule_3\": {\n                    \"alpha\": 0.35,\n                    \"z\": 60.5,\n                    \"formula\": \"z3 = 50 + 30 * alpha3\"\n                },\n                \"rule_4\": {\n                    \"alpha\": 0.625,\n                    \"z\": 31.25,\n                    \"formula\": \"z4 = 50 - 30 * alpha4 (corrected)\"\n                }\n            }\n        },\n        \"range_fuzzy_jurusan_digunakan\": {\n            \"akademik\": [\n                60,\n                85\n            ],\n            \"tinggi\": [\n                150,\n                175\n            ],\n            \"berat\": [\n                45,\n                65\n            ]\n        },\n        \"kriteria_mapel_jurusan\": {\n            \"unggulan\": {\n                \"Bahasa Indonesia\": 82,\n                \"IPS\": 80,\n                \"Informatika\": 78\n            },\n            \"non_unggulan\": {\n                \"Matematika\": 70,\n                \"Bahasa Inggris\": 72,\n                \"Fisika\": 65,\n                \"Kimia\": 65,\n                \"Biologi\": 66,\n                \"PPKn\": 69,\n                \"Sosiologi\": 68,\n                \"Prakarya\": 67,\n                \"Seni Budaya\": 65\n            }\n        }\n    },\n    \"BDP\": {\n        \"jurusan\": \"Bisnis Daring dan Pemasaran\",\n        \"skor\": 25.67,\n        \"threshold\": 65,\n        \"status\": \"Tidak Diterima\",\n        \"detail_hitungan\": {\n            \"akademik\": {\n                \"nilai\": 0,\n                \"range\": [\n                    60,\n                    85\n                ],\n                \"low\": 1.0,\n                \"high\": 0.0\n            },\n            \"tinggi\": {\n                \"nilai\": 160.0,\n                \"range\": [\n                    150,\n                    175\n                ],\n                \"low\": 0.6,\n                \"high\": 0.4\n            },\n            \"berat\": {\n                \"nilai\": 52.0,\n                \"range\": [\n                    45,\n                    65\n                ],\n                \"low\": 0.65,\n                \"high\": 0.35\n            },\n            \"rules\": {\n                \"rule_1\": {\n                    \"alpha\": 0.0,\n                    \"z\": 50.0,\n                    \"formula\": \"z1 = 50 + 50 * alpha1\"\n                },\n                \"rule_2\": {\n                    \"alpha\": 1.0,\n                    \"z\": 10.0,\n                    \"formula\": \"z2 = 50 - 40 * alpha2 (corrected)\"\n                },\n                \"rule_3\": {\n                    \"alpha\": 0.35,\n                    \"z\": 60.5,\n                    \"formula\": \"z3 = 50 + 30 * alpha3\"\n                },\n                \"rule_4\": {\n                    \"alpha\": 0.625,\n                    \"z\": 31.25,\n                    \"formula\": \"z4 = 50 - 30 * alpha4 (corrected)\"\n                }\n            }\n        },\n        \"range_fuzzy_jurusan_digunakan\": {\n            \"akademik\": [\n                60,\n                85\n            ],\n            \"tinggi\": [\n                150,\n                175\n            ],\n            \"berat\": [\n                45,\n                65\n            ]\n        },\n        \"kriteria_mapel_jurusan\": {\n            \"unggulan\": {\n                \"IPS\": 85,\n                \"Bahasa Inggris\": 80,\n                \"Informatika\": 78\n            },\n            \"non_unggulan\": {\n                \"Matematika\": 70,\n                \"Bahasa Indonesia\": 72,\n                \"Fisika\": 65,\n                \"Kimia\": 65,\n                \"Biologi\": 66,\n                \"PPKn\": 69,\n                \"Sosiologi\": 68,\n                \"Prakarya\": 67,\n                \"Seni Budaya\": 65\n            }\n        }\n    },\n    \"TKRO\": {\n        \"jurusan\": \"Teknik Kendaraan Ringan Otomotif\",\n        \"skor\": 16.16,\n        \"threshold\": 60,\n        \"status\": \"Tidak Diterima\",\n        \"detail_hitungan\": {\n            \"akademik\": {\n                \"nilai\": 0,\n                \"range\": [\n                    50,\n                    80\n                ],\n                \"low\": 1.0,\n                \"high\": 0.0\n            },\n            \"tinggi\": {\n                \"nilai\": 160.0,\n                \"range\": [\n                    155,\n                    180\n                ],\n                \"low\": 0.8,\n                \"high\": 0.2\n            },\n            \"berat\": {\n                \"nilai\": 52.0,\n                \"range\": [\n                    55,\n                    80\n                ],\n                \"low\": 1.0,\n                \"high\": 0.0\n            },\n            \"rules\": {\n                \"rule_1\": {\n                    \"alpha\": 0.0,\n                    \"z\": 50.0,\n                    \"formula\": \"z1 = 50 + 50 * alpha1\"\n                },\n                \"rule_2\": {\n                    \"alpha\": 1.0,\n                    \"z\": 10.0,\n                    \"formula\": \"z2 = 50 - 40 * alpha2 (corrected)\"\n                },\n                \"rule_3\": {\n                    \"alpha\": 0.0,\n                    \"z\": 50.0,\n                    \"formula\": \"z3 = 50 + 30 * alpha3\"\n                },\n                \"rule_4\": {\n                    \"alpha\": 0.9,\n                    \"z\": 23.0,\n                    \"formula\": \"z4 = 50 - 30 * alpha4 (corrected)\"\n                }\n            }\n        },\n        \"range_fuzzy_jurusan_digunakan\": {\n            \"akademik\": [\n                50,\n                80\n            ],\n            \"tinggi\": [\n                155,\n                180\n            ],\n            \"berat\": [\n                55,\n                80\n            ]\n        },\n        \"kriteria_mapel_jurusan\": {\n            \"unggulan\": {\n                \"Fisika\": 82,\n                \"Matematika\": 80,\n                \"Prakarya\": 85\n            },\n            \"non_unggulan\": {\n                \"Bahasa Indonesia\": 70,\n                \"Bahasa Inggris\": 72,\n                \"Informatika\": 68,\n                \"Kimia\": 65,\n                \"Biologi\": 66,\n                \"PPKn\": 69,\n                \"IPS\": 68,\n                \"Sosiologi\": 67,\n                \"Seni Budaya\": 65\n            }\n        }\n    },\n    \"TBSM\": {\n        \"jurusan\": \"Teknik dan Bisnis Sepeda Motor\",\n        \"skor\": 16.16,\n        \"threshold\": 60,\n        \"status\": \"Tidak Diterima\",\n        \"detail_hitungan\": {\n            \"akademik\": {\n                \"nilai\": 0,\n                \"range\": [\n                    50,\n                    80\n                ],\n                \"low\": 1.0,\n                \"high\": 0.0\n            },\n            \"tinggi\": {\n                \"nilai\": 160.0,\n                \"range\": [\n                    155,\n                    180\n                ],\n                \"low\": 0.8,\n                \"high\": 0.2\n            },\n            \"berat\": {\n                \"nilai\": 52.0,\n                \"range\": [\n                    55,\n                    80\n                ],\n                \"low\": 1.0,\n                \"high\": 0.0\n            },\n            \"rules\": {\n                \"rule_1\": {\n                    \"alpha\": 0.0,\n                    \"z\": 50.0,\n                    \"formula\": \"z1 = 50 + 50 * alpha1\"\n                },\n                \"rule_2\": {\n                    \"alpha\": 1.0,\n                    \"z\": 10.0,\n                    \"formula\": \"z2 = 50 - 40 * alpha2 (corrected)\"\n                },\n                \"rule_3\": {\n                    \"alpha\": 0.0,\n                    \"z\": 50.0,\n                    \"formula\": \"z3 = 50 + 30 * alpha3\"\n                },\n                \"rule_4\": {\n                    \"alpha\": 0.9,\n                    \"z\": 23.0,\n                    \"formula\": \"z4 = 50 - 30 * alpha4 (corrected)\"\n                }\n            }\n        },\n        \"range_fuzzy_jurusan_digunakan\": {\n            \"akademik\": [\n                50,\n                80\n            ],\n            \"tinggi\": [\n                155,\n                180\n            ],\n            \"berat\": [\n                55,\n                80\n            ]\n        },\n        \"kriteria_mapel_jurusan\": {\n            \"unggulan\": {\n                \"Prakarya\": 85,\n                \"Fisika\": 80,\n                \"Matematika\": 78\n            },\n            \"non_unggulan\": {\n                \"Bahasa Indonesia\": 70,\n                \"Bahasa Inggris\": 72,\n                \"Informatika\": 68,\n                \"Kimia\": 65,\n                \"Biologi\": 66,\n                \"PPKn\": 69,\n                \"IPS\": 68,\n                \"Sosiologi\": 67,\n                \"Seni Budaya\": 65\n            }\n        }\n    },\n    \"PH\": {\n        \"jurusan\": \"Perhotelan\",\n        \"skor\": 21.36,\n        \"threshold\": 65,\n        \"status\": \"Tidak Diterima\",\n        \"detail_hitungan\": {\n            \"akademik\": {\n                \"nilai\": 0,\n                \"range\": [\n                    60,\n                    85\n                ],\n                \"low\": 1.0,\n                \"high\": 0.0\n            },\n            \"tinggi\": {\n                \"nilai\": 160.0,\n                \"range\": [\n                    155,\n                    180\n                ],\n                \"low\": 0.8,\n                \"high\": 0.2\n            },\n            \"berat\": {\n                \"nilai\": 52.0,\n                \"range\": [\n                    45,\n                    70\n                ],\n                \"low\": 0.72,\n                \"high\": 0.28\n            },\n            \"rules\": {\n                \"rule_1\": {\n                    \"alpha\": 0.0,\n                    \"z\": 50.0,\n                    \"formula\": \"z1 = 50 + 50 * alpha1\"\n                },\n                \"rule_2\": {\n                    \"alpha\": 1.0,\n                    \"z\": 10.0,\n                    \"formula\": \"z2 = 50 - 40 * alpha2 (corrected)\"\n                },\n                \"rule_3\": {\n                    \"alpha\": 0.2,\n                    \"z\": 56.0,\n                    \"formula\": \"z3 = 50 + 30 * alpha3\"\n                },\n                \"rule_4\": {\n                    \"alpha\": 0.76,\n                    \"z\": 27.2,\n                    \"formula\": \"z4 = 50 - 30 * alpha4 (corrected)\"\n                }\n            }\n        },\n        \"range_fuzzy_jurusan_digunakan\": {\n            \"akademik\": [\n                60,\n                85\n            ],\n            \"tinggi\": [\n                155,\n                180\n            ],\n            \"berat\": [\n                45,\n                70\n            ]\n        },\n        \"kriteria_mapel_jurusan\": {\n            \"unggulan\": {\n                \"Bahasa Inggris\": 85,\n                \"Seni Budaya\": 80,\n                \"IPS\": 78\n            },\n            \"non_unggulan\": {\n                \"Matematika\": 70,\n                \"Bahasa Indonesia\": 72,\n                \"Fisika\": 65,\n                \"Kimia\": 65,\n                \"Biologi\": 66,\n                \"PPKn\": 69,\n                \"Sosiologi\": 68,\n                \"Prakarya\": 67,\n                \"Informatika\": 60\n            }\n        }\n    },\n    \"TBG\": {\n        \"jurusan\": \"Tata Boga\",\n        \"skor\": 23.86,\n        \"threshold\": 60,\n        \"status\": \"Tidak Diterima\",\n        \"detail_hitungan\": {\n            \"akademik\": {\n                \"nilai\": 0,\n                \"range\": [\n                    55,\n                    85\n                ],\n                \"low\": 1.0,\n                \"high\": 0.0\n            },\n            \"tinggi\": {\n                \"nilai\": 160.0,\n                \"range\": [\n                    150,\n                    175\n                ],\n                \"low\": 0.6,\n                \"high\": 0.4\n            },\n            \"berat\": {\n                \"nilai\": 52.0,\n                \"range\": [\n                    45,\n                    70\n                ],\n                \"low\": 0.72,\n                \"high\": 0.28\n            },\n            \"rules\": {\n                \"rule_1\": {\n                    \"alpha\": 0.0,\n                    \"z\": 50.0,\n                    \"formula\": \"z1 = 50 + 50 * alpha1\"\n                },\n                \"rule_2\": {\n                    \"alpha\": 1.0,\n                    \"z\": 10.0,\n                    \"formula\": \"z2 = 50 - 40 * alpha2 (corrected)\"\n                },\n                \"rule_3\": {\n                    \"alpha\": 0.28,\n                    \"z\": 58.4,\n                    \"formula\": \"z3 = 50 + 30 * alpha3\"\n                },\n                \"rule_4\": {\n                    \"alpha\": 0.66,\n                    \"z\": 30.2,\n                    \"formula\": \"z4 = 50 - 30 * alpha4 (corrected)\"\n                }\n            }\n        },\n        \"range_fuzzy_jurusan_digunakan\": {\n            \"akademik\": [\n                55,\n                85\n            ],\n            \"tinggi\": [\n                150,\n                175\n            ],\n            \"berat\": [\n                45,\n                70\n            ]\n        },\n        \"kriteria_mapel_jurusan\": {\n            \"unggulan\": {\n                \"Prakarya\": 85,\n                \"Biologi\": 75,\n                \"Bahasa Indonesia\": 78\n            },\n            \"non_unggulan\": {\n                \"Bahasa Inggris\": 70,\n                \"Matematika\": 68,\n                \"Fisika\": 65,\n                \"Kimia\": 65,\n                \"PPKn\": 69,\n                \"IPS\": 68,\n                \"Sosiologi\": 67,\n                \"Seni Budaya\": 65,\n                \"Informatika\": 60\n            }\n        }\n    },\n    \"TBS\": {\n        \"jurusan\": \"Tata Busana\",\n        \"skor\": 23.86,\n        \"threshold\": 60,\n        \"status\": \"Tidak Diterima\",\n        \"detail_hitungan\": {\n            \"akademik\": {\n                \"nilai\": 0,\n                \"range\": [\n                    55,\n                    85\n                ],\n                \"low\": 1.0,\n                \"high\": 0.0\n            },\n            \"tinggi\": {\n                \"nilai\": 160.0,\n                \"range\": [\n                    150,\n                    175\n                ],\n                \"low\": 0.6,\n                \"high\": 0.4\n            },\n            \"berat\": {\n                \"nilai\": 52.0,\n                \"range\": [\n                    45,\n                    70\n                ],\n                \"low\": 0.72,\n                \"high\": 0.28\n            },\n            \"rules\": {\n                \"rule_1\": {\n                    \"alpha\": 0.0,\n                    \"z\": 50.0,\n                    \"formula\": \"z1 = 50 + 50 * alpha1\"\n                },\n                \"rule_2\": {\n                    \"alpha\": 1.0,\n                    \"z\": 10.0,\n                    \"formula\": \"z2 = 50 - 40 * alpha2 (corrected)\"\n                },\n                \"rule_3\": {\n                    \"alpha\": 0.28,\n                    \"z\": 58.4,\n                    \"formula\": \"z3 = 50 + 30 * alpha3\"\n                },\n                \"rule_4\": {\n                    \"alpha\": 0.66,\n                    \"z\": 30.2,\n                    \"formula\": \"z4 = 50 - 30 * alpha4 (corrected)\"\n                }\n            }\n        },\n        \"range_fuzzy_jurusan_digunakan\": {\n            \"akademik\": [\n                55,\n                85\n            ],\n            \"tinggi\": [\n                150,\n                175\n            ],\n            \"berat\": [\n                45,\n                70\n            ]\n        },\n        \"kriteria_mapel_jurusan\": {\n            \"unggulan\": {\n                \"Seni Budaya\": 85,\n                \"Prakarya\": 82,\n                \"Bahasa Indonesia\": 75\n            },\n            \"non_unggulan\": {\n                \"Bahasa Inggris\": 70,\n                \"Matematika\": 68,\n                \"Fisika\": 65,\n                \"Kimia\": 65,\n                \"Biologi\": 66,\n                \"PPKn\": 69,\n                \"IPS\": 68,\n                \"Sosiologi\": 67,\n                \"Informatika\": 60\n            }\n        }\n    },\n    \"FARM\": {\n        \"jurusan\": \"Farmasi\",\n        \"skor\": 25.67,\n        \"threshold\": 70,\n        \"status\": \"Tidak Diterima\",\n        \"detail_hitungan\": {\n            \"akademik\": {\n                \"nilai\": 0,\n                \"range\": [\n                    70,\n                    95\n                ],\n                \"low\": 1.0,\n                \"high\": 0.0\n            },\n            \"tinggi\": {\n                \"nilai\": 160.0,\n                \"range\": [\n                    150,\n                    175\n                ],\n                \"low\": 0.6,\n                \"high\": 0.4\n            },\n            \"berat\": {\n                \"nilai\": 52.0,\n                \"range\": [\n                    45,\n                    65\n                ],\n                \"low\": 0.65,\n                \"high\": 0.35\n            },\n            \"rules\": {\n                \"rule_1\": {\n                    \"alpha\": 0.0,\n                    \"z\": 50.0,\n                    \"formula\": \"z1 = 50 + 50 * alpha1\"\n                },\n                \"rule_2\": {\n                    \"alpha\": 1.0,\n                    \"z\": 10.0,\n                    \"formula\": \"z2 = 50 - 40 * alpha2 (corrected)\"\n                },\n                \"rule_3\": {\n                    \"alpha\": 0.35,\n                    \"z\": 60.5,\n                    \"formula\": \"z3 = 50 + 30 * alpha3\"\n                },\n                \"rule_4\": {\n                    \"alpha\": 0.625,\n                    \"z\": 31.25,\n                    \"formula\": \"z4 = 50 - 30 * alpha4 (corrected)\"\n                }\n            }\n        },\n        \"range_fuzzy_jurusan_digunakan\": {\n            \"akademik\": [\n                70,\n                95\n            ],\n            \"tinggi\": [\n                150,\n                175\n            ],\n            \"berat\": [\n                45,\n                65\n            ]\n        },\n        \"kriteria_mapel_jurusan\": {\n            \"unggulan\": {\n                \"Biologi\": 88,\n                \"Kimia\": 85,\n                \"Matematika\": 80\n            },\n            \"non_unggulan\": {\n                \"Bahasa Indonesia\": 72,\n                \"Bahasa Inggris\": 70,\n                \"Fisika\": 68,\n                \"PPKn\": 69,\n                \"IPS\": 67,\n                \"Sosiologi\": 66,\n                \"Prakarya\": 65,\n                \"Seni Budaya\": 65,\n                \"Informatika\": 60\n            }\n        }\n    }\n}\n', '2025-06-09 14:07:45');
INSERT INTO `applications` (`application_id`, `student_id`, `chosen_major_code`, `chosen_major_score`, `status`, `recommended_major_code`, `recommended_major_score`, `all_fuzzy_results_json`, `application_date`) VALUES
(39, 11, 'RPL', 67.95, 'Tidak Diterima - Rekomendasi', 'TKJ', 81.26, '{\n    \"TKJ\": {\n        \"jurusan\": \"Teknik Komputer dan Jaringan\",\n        \"skor\": 81.26,\n        \"threshold\": 70,\n        \"status\": \"Diterima\",\n        \"detail_hitungan\": {\n            \"akademik\": {\n                \"nilai\": 100.0,\n                \"range\": [\n                    65,\n                    90\n                ],\n                \"low\": 0.0,\n                \"high\": 1.0\n            },\n            \"tinggi\": {\n                \"nilai\": 172.0,\n                \"range\": [\n                    155,\n                    180\n                ],\n                \"low\": 0.32,\n                \"high\": 0.68\n            },\n            \"berat\": {\n                \"nilai\": 65.0,\n                \"range\": [\n                    50,\n                    70\n                ],\n                \"low\": 0.25,\n                \"high\": 0.75\n            },\n            \"rules\": {\n                \"rule_1\": {\n                    \"alpha\": 1.0,\n                    \"z\": 100.0,\n                    \"formula\": \"z1 = 50 + 50 * alpha1\"\n                },\n                \"rule_2\": {\n                    \"alpha\": 0.0,\n                    \"z\": 50.0,\n                    \"formula\": \"z2 = 50 - 40 * alpha2 (corrected)\"\n                },\n                \"rule_3\": {\n                    \"alpha\": 0.68,\n                    \"z\": 70.4,\n                    \"formula\": \"z3 = 50 + 30 * alpha3\"\n                },\n                \"rule_4\": {\n                    \"alpha\": 0.285,\n                    \"z\": 41.45,\n                    \"formula\": \"z4 = 50 - 30 * alpha4 (corrected)\"\n                }\n            }\n        },\n        \"range_fuzzy_jurusan_digunakan\": {\n            \"akademik\": [\n                65,\n                90\n            ],\n            \"tinggi\": [\n                155,\n                180\n            ],\n            \"berat\": [\n                50,\n                70\n            ]\n        },\n        \"kriteria_mapel_jurusan\": {\n            \"unggulan\": {\n                \"Matematika\": 85,\n                \"Informatika\": 88,\n                \"Bahasa Inggris\": 80\n            },\n            \"non_unggulan\": {\n                \"Bahasa Indonesia\": 72,\n                \"Fisika\": 68,\n                \"Kimia\": 65,\n                \"Biologi\": 66,\n                \"PPKn\": 70,\n                \"IPS\": 69,\n                \"Sosiologi\": 67,\n                \"Prakarya\": 68,\n                \"Seni Budaya\": 65\n            }\n        }\n    },\n    \"RPL\": {\n        \"jurusan\": \"Rekayasa Perangkat Lunak\",\n        \"skor\": 67.95,\n        \"threshold\": 75,\n        \"status\": \"Tidak Diterima\",\n        \"detail_hitungan\": {\n            \"akademik\": {\n                \"nilai\": 91.11,\n                \"range\": [\n                    70,\n                    95\n                ],\n                \"low\": 0.16,\n                \"high\": 0.84\n            },\n            \"tinggi\": {\n                \"nilai\": 172.0,\n                \"range\": [\n                    160,\n                    185\n                ],\n                \"low\": 0.52,\n                \"high\": 0.48\n            },\n            \"berat\": {\n                \"nilai\": 65.0,\n                \"range\": [\n                    50,\n                    75\n                ],\n                \"low\": 0.4,\n                \"high\": 0.6\n            },\n            \"rules\": {\n                \"rule_1\": {\n                    \"alpha\": 0.84,\n                    \"z\": 92.0,\n                    \"formula\": \"z1 = 50 + 50 * alpha1\"\n                },\n                \"rule_2\": {\n                    \"alpha\": 0.16,\n                    \"z\": 43.6,\n                    \"formula\": \"z2 = 50 - 40 * alpha2 (corrected)\"\n                },\n                \"rule_3\": {\n                    \"alpha\": 0.48,\n                    \"z\": 64.4,\n                    \"formula\": \"z3 = 50 + 30 * alpha3\"\n                },\n                \"rule_4\": {\n                    \"alpha\": 0.46,\n                    \"z\": 36.2,\n                    \"formula\": \"z4 = 50 - 30 * alpha4 (corrected)\"\n                }\n            }\n        },\n        \"range_fuzzy_jurusan_digunakan\": {\n            \"akademik\": [\n                70,\n                95\n            ],\n            \"tinggi\": [\n                160,\n                185\n            ],\n            \"berat\": [\n                50,\n                75\n            ]\n        },\n        \"kriteria_mapel_jurusan\": {\n            \"unggulan\": {\n                \"Informatika\": 90,\n                \"Matematika\": 85,\n                \"Bahasa Indonesia\": 78\n            },\n            \"non_unggulan\": {\n                \"Bahasa Inggris\": 74,\n                \"Fisika\": 67,\n                \"Kimia\": 66,\n                \"Biologi\": 65,\n                \"PPKn\": 70,\n                \"IPS\": 68,\n                \"Sosiologi\": 66,\n                \"Prakarya\": 69,\n                \"Seni Budaya\": 65\n            }\n        }\n    },\n    \"MM\": {\n        \"jurusan\": \"Multimedia\",\n        \"skor\": 41.3,\n        \"threshold\": 65,\n        \"status\": \"Tidak Diterima\",\n        \"detail_hitungan\": {\n            \"akademik\": {\n                \"nilai\": 0,\n                \"range\": [\n                    60,\n                    90\n                ],\n                \"low\": 1.0,\n                \"high\": 0.0\n            },\n            \"tinggi\": {\n                \"nilai\": 172.0,\n                \"range\": [\n                    150,\n                    175\n                ],\n                \"low\": 0.12,\n                \"high\": 0.88\n            },\n            \"berat\": {\n                \"nilai\": 65.0,\n                \"range\": [\n                    45,\n                    65\n                ],\n                \"low\": 0.0,\n                \"high\": 1.0\n            },\n            \"rules\": {\n                \"rule_1\": {\n                    \"alpha\": 0.0,\n                    \"z\": 50.0,\n                    \"formula\": \"z1 = 50 + 50 * alpha1\"\n                },\n                \"rule_2\": {\n                    \"alpha\": 1.0,\n                    \"z\": 10.0,\n                    \"formula\": \"z2 = 50 - 40 * alpha2 (corrected)\"\n                },\n                \"rule_3\": {\n                    \"alpha\": 0.88,\n                    \"z\": 76.4,\n                    \"formula\": \"z3 = 50 + 30 * alpha3\"\n                },\n                \"rule_4\": {\n                    \"alpha\": 0.06,\n                    \"z\": 48.2,\n                    \"formula\": \"z4 = 50 - 30 * alpha4 (corrected)\"\n                }\n            }\n        },\n        \"range_fuzzy_jurusan_digunakan\": {\n            \"akademik\": [\n                60,\n                90\n            ],\n            \"tinggi\": [\n                150,\n                175\n            ],\n            \"berat\": [\n                45,\n                65\n            ]\n        },\n        \"kriteria_mapel_jurusan\": {\n            \"unggulan\": {\n                \"Seni Budaya\": 85,\n                \"Informatika\": 80,\n                \"Bahasa Inggris\": 78\n            },\n            \"non_unggulan\": {\n                \"Matematika\": 70,\n                \"Bahasa Indonesia\": 72,\n                \"Fisika\": 66,\n                \"Kimia\": 65,\n                \"Biologi\": 67,\n                \"PPKn\": 69,\n                \"IPS\": 68,\n                \"Sosiologi\": 66,\n                \"Prakarya\": 70\n            }\n        }\n    },\n    \"AKL\": {\n        \"jurusan\": \"Akuntansi dan Keuangan Lembaga\",\n        \"skor\": 41.3,\n        \"threshold\": 70,\n        \"status\": \"Tidak Diterima\",\n        \"detail_hitungan\": {\n            \"akademik\": {\n                \"nilai\": 0,\n                \"range\": [\n                    65,\n                    90\n                ],\n                \"low\": 1.0,\n                \"high\": 0.0\n            },\n            \"tinggi\": {\n                \"nilai\": 172.0,\n                \"range\": [\n                    150,\n                    175\n                ],\n                \"low\": 0.12,\n                \"high\": 0.88\n            },\n            \"berat\": {\n                \"nilai\": 65.0,\n                \"range\": [\n                    45,\n                    65\n                ],\n                \"low\": 0.0,\n                \"high\": 1.0\n            },\n            \"rules\": {\n                \"rule_1\": {\n                    \"alpha\": 0.0,\n                    \"z\": 50.0,\n                    \"formula\": \"z1 = 50 + 50 * alpha1\"\n                },\n                \"rule_2\": {\n                    \"alpha\": 1.0,\n                    \"z\": 10.0,\n                    \"formula\": \"z2 = 50 - 40 * alpha2 (corrected)\"\n                },\n                \"rule_3\": {\n                    \"alpha\": 0.88,\n                    \"z\": 76.4,\n                    \"formula\": \"z3 = 50 + 30 * alpha3\"\n                },\n                \"rule_4\": {\n                    \"alpha\": 0.06,\n                    \"z\": 48.2,\n                    \"formula\": \"z4 = 50 - 30 * alpha4 (corrected)\"\n                }\n            }\n        },\n        \"range_fuzzy_jurusan_digunakan\": {\n            \"akademik\": [\n                65,\n                90\n            ],\n            \"tinggi\": [\n                150,\n                175\n            ],\n            \"berat\": [\n                45,\n                65\n            ]\n        },\n        \"kriteria_mapel_jurusan\": {\n            \"unggulan\": {\n                \"Matematika\": 88,\n                \"IPS\": 85,\n                \"Bahasa Indonesia\": 80\n            },\n            \"non_unggulan\": {\n                \"Bahasa Inggris\": 72,\n                \"Informatika\": 70,\n                \"Fisika\": 65,\n                \"Kimia\": 66,\n                \"Biologi\": 67,\n                \"PPKn\": 69,\n                \"Sosiologi\": 68,\n                \"Prakarya\": 70,\n                \"Seni Budaya\": 65\n            }\n        }\n    },\n    \"OTKP\": {\n        \"jurusan\": \"Otomatisasi dan Tata Kelola Perkantoran\",\n        \"skor\": 41.3,\n        \"threshold\": 65,\n        \"status\": \"Tidak Diterima\",\n        \"detail_hitungan\": {\n            \"akademik\": {\n                \"nilai\": 0,\n                \"range\": [\n                    60,\n                    85\n                ],\n                \"low\": 1.0,\n                \"high\": 0.0\n            },\n            \"tinggi\": {\n                \"nilai\": 172.0,\n                \"range\": [\n                    150,\n                    175\n                ],\n                \"low\": 0.12,\n                \"high\": 0.88\n            },\n            \"berat\": {\n                \"nilai\": 65.0,\n                \"range\": [\n                    45,\n                    65\n                ],\n                \"low\": 0.0,\n                \"high\": 1.0\n            },\n            \"rules\": {\n                \"rule_1\": {\n                    \"alpha\": 0.0,\n                    \"z\": 50.0,\n                    \"formula\": \"z1 = 50 + 50 * alpha1\"\n                },\n                \"rule_2\": {\n                    \"alpha\": 1.0,\n                    \"z\": 10.0,\n                    \"formula\": \"z2 = 50 - 40 * alpha2 (corrected)\"\n                },\n                \"rule_3\": {\n                    \"alpha\": 0.88,\n                    \"z\": 76.4,\n                    \"formula\": \"z3 = 50 + 30 * alpha3\"\n                },\n                \"rule_4\": {\n                    \"alpha\": 0.06,\n                    \"z\": 48.2,\n                    \"formula\": \"z4 = 50 - 30 * alpha4 (corrected)\"\n                }\n            }\n        },\n        \"range_fuzzy_jurusan_digunakan\": {\n            \"akademik\": [\n                60,\n                85\n            ],\n            \"tinggi\": [\n                150,\n                175\n            ],\n            \"berat\": [\n                45,\n                65\n            ]\n        },\n        \"kriteria_mapel_jurusan\": {\n            \"unggulan\": {\n                \"Bahasa Indonesia\": 82,\n                \"IPS\": 80,\n                \"Informatika\": 78\n            },\n            \"non_unggulan\": {\n                \"Matematika\": 70,\n                \"Bahasa Inggris\": 72,\n                \"Fisika\": 65,\n                \"Kimia\": 65,\n                \"Biologi\": 66,\n                \"PPKn\": 69,\n                \"Sosiologi\": 68,\n                \"Prakarya\": 67,\n                \"Seni Budaya\": 65\n            }\n        }\n    },\n    \"BDP\": {\n        \"jurusan\": \"Bisnis Daring dan Pemasaran\",\n        \"skor\": 41.3,\n        \"threshold\": 65,\n        \"status\": \"Tidak Diterima\",\n        \"detail_hitungan\": {\n            \"akademik\": {\n                \"nilai\": 0,\n                \"range\": [\n                    60,\n                    85\n                ],\n                \"low\": 1.0,\n                \"high\": 0.0\n            },\n            \"tinggi\": {\n                \"nilai\": 172.0,\n                \"range\": [\n                    150,\n                    175\n                ],\n                \"low\": 0.12,\n                \"high\": 0.88\n            },\n            \"berat\": {\n                \"nilai\": 65.0,\n                \"range\": [\n                    45,\n                    65\n                ],\n                \"low\": 0.0,\n                \"high\": 1.0\n            },\n            \"rules\": {\n                \"rule_1\": {\n                    \"alpha\": 0.0,\n                    \"z\": 50.0,\n                    \"formula\": \"z1 = 50 + 50 * alpha1\"\n                },\n                \"rule_2\": {\n                    \"alpha\": 1.0,\n                    \"z\": 10.0,\n                    \"formula\": \"z2 = 50 - 40 * alpha2 (corrected)\"\n                },\n                \"rule_3\": {\n                    \"alpha\": 0.88,\n                    \"z\": 76.4,\n                    \"formula\": \"z3 = 50 + 30 * alpha3\"\n                },\n                \"rule_4\": {\n                    \"alpha\": 0.06,\n                    \"z\": 48.2,\n                    \"formula\": \"z4 = 50 - 30 * alpha4 (corrected)\"\n                }\n            }\n        },\n        \"range_fuzzy_jurusan_digunakan\": {\n            \"akademik\": [\n                60,\n                85\n            ],\n            \"tinggi\": [\n                150,\n                175\n            ],\n            \"berat\": [\n                45,\n                65\n            ]\n        },\n        \"kriteria_mapel_jurusan\": {\n            \"unggulan\": {\n                \"IPS\": 85,\n                \"Bahasa Inggris\": 80,\n                \"Informatika\": 78\n            },\n            \"non_unggulan\": {\n                \"Matematika\": 70,\n                \"Bahasa Indonesia\": 72,\n                \"Fisika\": 65,\n                \"Kimia\": 65,\n                \"Biologi\": 66,\n                \"PPKn\": 69,\n                \"Sosiologi\": 68,\n                \"Prakarya\": 67,\n                \"Seni Budaya\": 65\n            }\n        }\n    },\n    \"TKRO\": {\n        \"jurusan\": \"Teknik Kendaraan Ringan Otomotif\",\n        \"skor\": 27.66,\n        \"threshold\": 60,\n        \"status\": \"Tidak Diterima\",\n        \"detail_hitungan\": {\n            \"akademik\": {\n                \"nilai\": 0,\n                \"range\": [\n                    50,\n                    80\n                ],\n                \"low\": 1.0,\n                \"high\": 0.0\n            },\n            \"tinggi\": {\n                \"nilai\": 172.0,\n                \"range\": [\n                    155,\n                    180\n                ],\n                \"low\": 0.32,\n                \"high\": 0.68\n            },\n            \"berat\": {\n                \"nilai\": 65.0,\n                \"range\": [\n                    55,\n                    80\n                ],\n                \"low\": 0.6,\n                \"high\": 0.4\n            },\n            \"rules\": {\n                \"rule_1\": {\n                    \"alpha\": 0.0,\n                    \"z\": 50.0,\n                    \"formula\": \"z1 = 50 + 50 * alpha1\"\n                },\n                \"rule_2\": {\n                    \"alpha\": 1.0,\n                    \"z\": 10.0,\n                    \"formula\": \"z2 = 50 - 40 * alpha2 (corrected)\"\n                },\n                \"rule_3\": {\n                    \"alpha\": 0.4,\n                    \"z\": 62.0,\n                    \"formula\": \"z3 = 50 + 30 * alpha3\"\n                },\n                \"rule_4\": {\n                    \"alpha\": 0.46,\n                    \"z\": 36.2,\n                    \"formula\": \"z4 = 50 - 30 * alpha4 (corrected)\"\n                }\n            }\n        },\n        \"range_fuzzy_jurusan_digunakan\": {\n            \"akademik\": [\n                50,\n                80\n            ],\n            \"tinggi\": [\n                155,\n                180\n            ],\n            \"berat\": [\n                55,\n                80\n            ]\n        },\n        \"kriteria_mapel_jurusan\": {\n            \"unggulan\": {\n                \"Fisika\": 82,\n                \"Matematika\": 80,\n                \"Prakarya\": 85\n            },\n            \"non_unggulan\": {\n                \"Bahasa Indonesia\": 70,\n                \"Bahasa Inggris\": 72,\n                \"Informatika\": 68,\n                \"Kimia\": 65,\n                \"Biologi\": 66,\n                \"PPKn\": 69,\n                \"IPS\": 68,\n                \"Sosiologi\": 67,\n                \"Seni Budaya\": 65\n            }\n        }\n    },\n    \"TBSM\": {\n        \"jurusan\": \"Teknik dan Bisnis Sepeda Motor\",\n        \"skor\": 27.66,\n        \"threshold\": 60,\n        \"status\": \"Tidak Diterima\",\n        \"detail_hitungan\": {\n            \"akademik\": {\n                \"nilai\": 0,\n                \"range\": [\n                    50,\n                    80\n                ],\n                \"low\": 1.0,\n                \"high\": 0.0\n            },\n            \"tinggi\": {\n                \"nilai\": 172.0,\n                \"range\": [\n                    155,\n                    180\n                ],\n                \"low\": 0.32,\n                \"high\": 0.68\n            },\n            \"berat\": {\n                \"nilai\": 65.0,\n                \"range\": [\n                    55,\n                    80\n                ],\n                \"low\": 0.6,\n                \"high\": 0.4\n            },\n            \"rules\": {\n                \"rule_1\": {\n                    \"alpha\": 0.0,\n                    \"z\": 50.0,\n                    \"formula\": \"z1 = 50 + 50 * alpha1\"\n                },\n                \"rule_2\": {\n                    \"alpha\": 1.0,\n                    \"z\": 10.0,\n                    \"formula\": \"z2 = 50 - 40 * alpha2 (corrected)\"\n                },\n                \"rule_3\": {\n                    \"alpha\": 0.4,\n                    \"z\": 62.0,\n                    \"formula\": \"z3 = 50 + 30 * alpha3\"\n                },\n                \"rule_4\": {\n                    \"alpha\": 0.46,\n                    \"z\": 36.2,\n                    \"formula\": \"z4 = 50 - 30 * alpha4 (corrected)\"\n                }\n            }\n        },\n        \"range_fuzzy_jurusan_digunakan\": {\n            \"akademik\": [\n                50,\n                80\n            ],\n            \"tinggi\": [\n                155,\n                180\n            ],\n            \"berat\": [\n                55,\n                80\n            ]\n        },\n        \"kriteria_mapel_jurusan\": {\n            \"unggulan\": {\n                \"Prakarya\": 85,\n                \"Fisika\": 80,\n                \"Matematika\": 78\n            },\n            \"non_unggulan\": {\n                \"Bahasa Indonesia\": 70,\n                \"Bahasa Inggris\": 72,\n                \"Informatika\": 68,\n                \"Kimia\": 65,\n                \"Biologi\": 66,\n                \"PPKn\": 69,\n                \"IPS\": 68,\n                \"Sosiologi\": 67,\n                \"Seni Budaya\": 65\n            }\n        }\n    },\n    \"PH\": {\n        \"jurusan\": \"Perhotelan\",\n        \"skor\": 35.49,\n        \"threshold\": 65,\n        \"status\": \"Tidak Diterima\",\n        \"detail_hitungan\": {\n            \"akademik\": {\n                \"nilai\": 0,\n                \"range\": [\n                    60,\n                    85\n                ],\n                \"low\": 1.0,\n                \"high\": 0.0\n            },\n            \"tinggi\": {\n                \"nilai\": 172.0,\n                \"range\": [\n                    155,\n                    180\n                ],\n                \"low\": 0.32,\n                \"high\": 0.68\n            },\n            \"berat\": {\n                \"nilai\": 65.0,\n                \"range\": [\n                    45,\n                    70\n                ],\n                \"low\": 0.2,\n                \"high\": 0.8\n            },\n            \"rules\": {\n                \"rule_1\": {\n                    \"alpha\": 0.0,\n                    \"z\": 50.0,\n                    \"formula\": \"z1 = 50 + 50 * alpha1\"\n                },\n                \"rule_2\": {\n                    \"alpha\": 1.0,\n                    \"z\": 10.0,\n                    \"formula\": \"z2 = 50 - 40 * alpha2 (corrected)\"\n                },\n                \"rule_3\": {\n                    \"alpha\": 0.68,\n                    \"z\": 70.4,\n                    \"formula\": \"z3 = 50 + 30 * alpha3\"\n                },\n                \"rule_4\": {\n                    \"alpha\": 0.26,\n                    \"z\": 42.2,\n                    \"formula\": \"z4 = 50 - 30 * alpha4 (corrected)\"\n                }\n            }\n        },\n        \"range_fuzzy_jurusan_digunakan\": {\n            \"akademik\": [\n                60,\n                85\n            ],\n            \"tinggi\": [\n                155,\n                180\n            ],\n            \"berat\": [\n                45,\n                70\n            ]\n        },\n        \"kriteria_mapel_jurusan\": {\n            \"unggulan\": {\n                \"Bahasa Inggris\": 85,\n                \"Seni Budaya\": 80,\n                \"IPS\": 78\n            },\n            \"non_unggulan\": {\n                \"Matematika\": 70,\n                \"Bahasa Indonesia\": 72,\n                \"Fisika\": 65,\n                \"Kimia\": 65,\n                \"Biologi\": 66,\n                \"PPKn\": 69,\n                \"Sosiologi\": 68,\n                \"Prakarya\": 67,\n                \"Informatika\": 60\n            }\n        }\n    },\n    \"TBG\": {\n        \"jurusan\": \"Tata Boga\",\n        \"skor\": 39.0,\n        \"threshold\": 60,\n        \"status\": \"Tidak Diterima\",\n        \"detail_hitungan\": {\n            \"akademik\": {\n                \"nilai\": 0,\n                \"range\": [\n                    55,\n                    85\n                ],\n                \"low\": 1.0,\n                \"high\": 0.0\n            },\n            \"tinggi\": {\n                \"nilai\": 172.0,\n                \"range\": [\n                    150,\n                    175\n                ],\n                \"low\": 0.12,\n                \"high\": 0.88\n            },\n            \"berat\": {\n                \"nilai\": 65.0,\n                \"range\": [\n                    45,\n                    70\n                ],\n                \"low\": 0.2,\n                \"high\": 0.8\n            },\n            \"rules\": {\n                \"rule_1\": {\n                    \"alpha\": 0.0,\n                    \"z\": 50.0,\n                    \"formula\": \"z1 = 50 + 50 * alpha1\"\n                },\n                \"rule_2\": {\n                    \"alpha\": 1.0,\n                    \"z\": 10.0,\n                    \"formula\": \"z2 = 50 - 40 * alpha2 (corrected)\"\n                },\n                \"rule_3\": {\n                    \"alpha\": 0.8,\n                    \"z\": 74.0,\n                    \"formula\": \"z3 = 50 + 30 * alpha3\"\n                },\n                \"rule_4\": {\n                    \"alpha\": 0.16,\n                    \"z\": 45.2,\n                    \"formula\": \"z4 = 50 - 30 * alpha4 (corrected)\"\n                }\n            }\n        },\n        \"range_fuzzy_jurusan_digunakan\": {\n            \"akademik\": [\n                55,\n                85\n            ],\n            \"tinggi\": [\n                150,\n                175\n            ],\n            \"berat\": [\n                45,\n                70\n            ]\n        },\n        \"kriteria_mapel_jurusan\": {\n            \"unggulan\": {\n                \"Prakarya\": 85,\n                \"Biologi\": 75,\n                \"Bahasa Indonesia\": 78\n            },\n            \"non_unggulan\": {\n                \"Bahasa Inggris\": 70,\n                \"Matematika\": 68,\n                \"Fisika\": 65,\n                \"Kimia\": 65,\n                \"PPKn\": 69,\n                \"IPS\": 68,\n                \"Sosiologi\": 67,\n                \"Seni Budaya\": 65,\n                \"Informatika\": 60\n            }\n        }\n    },\n    \"TBS\": {\n        \"jurusan\": \"Tata Busana\",\n        \"skor\": 39.0,\n        \"threshold\": 60,\n        \"status\": \"Tidak Diterima\",\n        \"detail_hitungan\": {\n            \"akademik\": {\n                \"nilai\": 0,\n                \"range\": [\n                    55,\n                    85\n                ],\n                \"low\": 1.0,\n                \"high\": 0.0\n            },\n            \"tinggi\": {\n                \"nilai\": 172.0,\n                \"range\": [\n                    150,\n                    175\n                ],\n                \"low\": 0.12,\n                \"high\": 0.88\n            },\n            \"berat\": {\n                \"nilai\": 65.0,\n                \"range\": [\n                    45,\n                    70\n                ],\n                \"low\": 0.2,\n                \"high\": 0.8\n            },\n            \"rules\": {\n                \"rule_1\": {\n                    \"alpha\": 0.0,\n                    \"z\": 50.0,\n                    \"formula\": \"z1 = 50 + 50 * alpha1\"\n                },\n                \"rule_2\": {\n                    \"alpha\": 1.0,\n                    \"z\": 10.0,\n                    \"formula\": \"z2 = 50 - 40 * alpha2 (corrected)\"\n                },\n                \"rule_3\": {\n                    \"alpha\": 0.8,\n                    \"z\": 74.0,\n                    \"formula\": \"z3 = 50 + 30 * alpha3\"\n                },\n                \"rule_4\": {\n                    \"alpha\": 0.16,\n                    \"z\": 45.2,\n                    \"formula\": \"z4 = 50 - 30 * alpha4 (corrected)\"\n                }\n            }\n        },\n        \"range_fuzzy_jurusan_digunakan\": {\n            \"akademik\": [\n                55,\n                85\n            ],\n            \"tinggi\": [\n                150,\n                175\n            ],\n            \"berat\": [\n                45,\n                70\n            ]\n        },\n        \"kriteria_mapel_jurusan\": {\n            \"unggulan\": {\n                \"Seni Budaya\": 85,\n                \"Prakarya\": 82,\n                \"Bahasa Indonesia\": 75\n            },\n            \"non_unggulan\": {\n                \"Bahasa Inggris\": 70,\n                \"Matematika\": 68,\n                \"Fisika\": 65,\n                \"Kimia\": 65,\n                \"Biologi\": 66,\n                \"PPKn\": 69,\n                \"IPS\": 68,\n                \"Sosiologi\": 67,\n                \"Informatika\": 60\n            }\n        }\n    },\n    \"FARM\": {\n        \"jurusan\": \"Farmasi\",\n        \"skor\": 41.3,\n        \"threshold\": 70,\n        \"status\": \"Tidak Diterima\",\n        \"detail_hitungan\": {\n            \"akademik\": {\n                \"nilai\": 0,\n                \"range\": [\n                    70,\n                    95\n                ],\n                \"low\": 1.0,\n                \"high\": 0.0\n            },\n            \"tinggi\": {\n                \"nilai\": 172.0,\n                \"range\": [\n                    150,\n                    175\n                ],\n                \"low\": 0.12,\n                \"high\": 0.88\n            },\n            \"berat\": {\n                \"nilai\": 65.0,\n                \"range\": [\n                    45,\n                    65\n                ],\n                \"low\": 0.0,\n                \"high\": 1.0\n            },\n            \"rules\": {\n                \"rule_1\": {\n                    \"alpha\": 0.0,\n                    \"z\": 50.0,\n                    \"formula\": \"z1 = 50 + 50 * alpha1\"\n                },\n                \"rule_2\": {\n                    \"alpha\": 1.0,\n                    \"z\": 10.0,\n                    \"formula\": \"z2 = 50 - 40 * alpha2 (corrected)\"\n                },\n                \"rule_3\": {\n                    \"alpha\": 0.88,\n                    \"z\": 76.4,\n                    \"formula\": \"z3 = 50 + 30 * alpha3\"\n                },\n                \"rule_4\": {\n                    \"alpha\": 0.06,\n                    \"z\": 48.2,\n                    \"formula\": \"z4 = 50 - 30 * alpha4 (corrected)\"\n                }\n            }\n        },\n        \"range_fuzzy_jurusan_digunakan\": {\n            \"akademik\": [\n                70,\n                95\n            ],\n            \"tinggi\": [\n                150,\n                175\n            ],\n            \"berat\": [\n                45,\n                65\n            ]\n        },\n        \"kriteria_mapel_jurusan\": {\n            \"unggulan\": {\n                \"Biologi\": 88,\n                \"Kimia\": 85,\n                \"Matematika\": 80\n            },\n            \"non_unggulan\": {\n                \"Bahasa Indonesia\": 72,\n                \"Bahasa Inggris\": 70,\n                \"Fisika\": 68,\n                \"PPKn\": 69,\n                \"IPS\": 67,\n                \"Sosiologi\": 66,\n                \"Prakarya\": 65,\n                \"Seni Budaya\": 65,\n                \"Informatika\": 60\n            }\n        }\n    }\n}\n', '2025-06-09 14:10:49');

-- --------------------------------------------------------

--
-- Table structure for table `students`
--

CREATE TABLE `students` (
  `student_id` int(11) NOT NULL,
  `full_name` varchar(255) NOT NULL,
  `birth_place` varchar(100) NOT NULL,
  `birth_date` date NOT NULL,
  `origin_school` varchar(150) NOT NULL,
  `created_at` timestamp NOT NULL DEFAULT current_timestamp()
) ENGINE=InnoDB DEFAULT CHARSET=utf8mb4 COLLATE=utf8mb4_general_ci;

--
-- Dumping data for table `students`
--

INSERT INTO `students` (`student_id`, `full_name`, `birth_place`, `birth_date`, `origin_school`, `created_at`) VALUES
(11, 'Budi', 'Karawang', '2001-01-01', 'SMPN 1 Karawang', '2025-06-09 14:03:09'),
(12, 'Siti', 'Karawang', '2001-01-01', 'SMPN 1 Karawang', '2025-06-09 14:03:22'),
(13, 'Rahmat', 'Karawang', '2001-01-01', 'SMPN 1 Karawang', '2025-06-09 14:03:37');

-- --------------------------------------------------------

--
-- Table structure for table `student_physical_data`
--

CREATE TABLE `student_physical_data` (
  `physical_data_id` int(11) NOT NULL,
  `student_id` int(11) NOT NULL,
  `height_cm` int(11) DEFAULT NULL,
  `weight_kg` int(11) DEFAULT NULL
) ENGINE=InnoDB DEFAULT CHARSET=utf8mb4 COLLATE=utf8mb4_general_ci;

--
-- Dumping data for table `student_physical_data`
--

INSERT INTO `student_physical_data` (`physical_data_id`, `student_id`, `height_cm`, `weight_kg`) VALUES
(35, 11, 172, 65),
(36, 13, 155, 48),
(37, 12, 160, 52);

-- --------------------------------------------------------

--
-- Table structure for table `student_scores`
--

CREATE TABLE `student_scores` (
  `score_id` int(11) NOT NULL,
  `student_id` int(11) NOT NULL,
  `subject_name` varchar(100) NOT NULL,
  `score_value` decimal(5,2) NOT NULL
) ENGINE=InnoDB DEFAULT CHARSET=utf8mb4 COLLATE=utf8mb4_general_ci;

--
-- Dumping data for table `student_scores`
--

INSERT INTO `student_scores` (`score_id`, `student_id`, `subject_name`, `score_value`) VALUES
(445, 13, 'Matematika', 65.00),
(446, 13, 'Bahasa Indonesia', 65.00),
(447, 13, 'Bahasa Inggris', 68.00),
(448, 13, 'Fisika', 60.00),
(449, 13, 'Kimia', 58.00),
(450, 13, 'Biologi', 60.00),
(451, 13, 'PPKn', 70.00),
(452, 13, 'IPS', 65.00),
(453, 13, 'Sosiologi', 64.00),
(454, 13, 'Prakarya', 62.00),
(455, 13, 'Seni Budaya', 61.00),
(456, 13, 'Informatika', 62.00),
(457, 12, 'Matematika', 90.00),
(458, 12, 'Bahasa Indonesia', 85.00),
(459, 12, 'Bahasa Inggris', 80.00),
(460, 12, 'Fisika', 66.00),
(461, 12, 'Kimia', 67.00),
(462, 12, 'Biologi', 70.00),
(463, 12, 'PPKn', 85.00),
(464, 12, 'IPS', 88.00),
(465, 12, 'Sosiologi', 82.00),
(466, 12, 'Prakarya', 75.00),
(467, 12, 'Seni Budaya', 78.00),
(468, 12, 'Informatika', 68.00),
(481, 11, 'Matematika', 88.00),
(482, 11, 'Bahasa Indonesia', 81.00),
(483, 11, 'Bahasa Inggris', 85.00),
(484, 11, 'Fisika', 75.00),
(485, 11, 'Kimia', 65.00),
(486, 11, 'Biologi', 72.00),
(487, 11, 'PPKn', 80.00),
(488, 11, 'IPS', 78.00),
(489, 11, 'Sosiologi', 70.00),
(490, 11, 'Prakarya', 68.00),
(491, 11, 'Seni Budaya', 71.00),
(492, 11, 'Informatika', 92.00);

--
-- Indexes for dumped tables
--

--
-- Indexes for table `admins`
--
ALTER TABLE `admins`
  ADD PRIMARY KEY (`admin_id`),
  ADD UNIQUE KEY `username` (`username`);

--
-- Indexes for table `applications`
--
ALTER TABLE `applications`
  ADD PRIMARY KEY (`application_id`),
  ADD UNIQUE KEY `student_id` (`student_id`);

--
-- Indexes for table `students`
--
ALTER TABLE `students`
  ADD PRIMARY KEY (`student_id`),
  ADD KEY `idx_name_birth` (`full_name`(100),`birth_place`(50),`birth_date`);

--
-- Indexes for table `student_physical_data`
--
ALTER TABLE `student_physical_data`
  ADD PRIMARY KEY (`physical_data_id`),
  ADD UNIQUE KEY `student_id` (`student_id`);

--
-- Indexes for table `student_scores`
--
ALTER TABLE `student_scores`
  ADD PRIMARY KEY (`score_id`),
  ADD UNIQUE KEY `unique_student_subject` (`student_id`,`subject_name`);

--
-- AUTO_INCREMENT for dumped tables
--

--
-- AUTO_INCREMENT for table `admins`
--
ALTER TABLE `admins`
  MODIFY `admin_id` int(11) NOT NULL AUTO_INCREMENT, AUTO_INCREMENT=3;

--
-- AUTO_INCREMENT for table `applications`
--
ALTER TABLE `applications`
  MODIFY `application_id` int(11) NOT NULL AUTO_INCREMENT, AUTO_INCREMENT=40;

--
-- AUTO_INCREMENT for table `students`
--
ALTER TABLE `students`
  MODIFY `student_id` int(11) NOT NULL AUTO_INCREMENT, AUTO_INCREMENT=14;

--
-- AUTO_INCREMENT for table `student_physical_data`
--
ALTER TABLE `student_physical_data`
  MODIFY `physical_data_id` int(11) NOT NULL AUTO_INCREMENT, AUTO_INCREMENT=40;

--
-- AUTO_INCREMENT for table `student_scores`
--
ALTER TABLE `student_scores`
  MODIFY `score_id` int(11) NOT NULL AUTO_INCREMENT, AUTO_INCREMENT=493;

--
-- Constraints for dumped tables
--

--
-- Constraints for table `applications`
--
ALTER TABLE `applications`
  ADD CONSTRAINT `applications_ibfk_1` FOREIGN KEY (`student_id`) REFERENCES `students` (`student_id`) ON DELETE CASCADE;

--
-- Constraints for table `student_physical_data`
--
ALTER TABLE `student_physical_data`
  ADD CONSTRAINT `student_physical_data_ibfk_1` FOREIGN KEY (`student_id`) REFERENCES `students` (`student_id`) ON DELETE CASCADE;

--
-- Constraints for table `student_scores`
--
ALTER TABLE `student_scores`
  ADD CONSTRAINT `student_scores_ibfk_1` FOREIGN KEY (`student_id`) REFERENCES `students` (`student_id`) ON DELETE CASCADE;
COMMIT;

/*!40101 SET CHARACTER_SET_CLIENT=@OLD_CHARACTER_SET_CLIENT */;
/*!40101 SET CHARACTER_SET_RESULTS=@OLD_CHARACTER_SET_RESULTS */;
/*!40101 SET COLLATION_CONNECTION=@OLD_COLLATION_CONNECTION */;
